algoritmo,nivel,recurso,tamano_bytes,tiempo_promedio_segundos,cpu_promedio_ms
identity,base,index.html,378971,0.011468,18.200
identity,base,estilos.css,358893,0.009023,17.800
identity,base,estilos.min.css,274893,0.008414,17.600
identity,base,app.js,467786,0.009760,20.200
identity,base,datos.json,693789,0.013291,23.000
identity,base,grafico.svg,316968,0.009908,21.000
identity,base,feed.xml,501822,0.011996,23.200
identity,base,lorem.txt,1200000,0.017376,25.200
identity,base,imagen.png,7112,0.003189,13.200
identity,base,foto.jpg,8853,0.003577,13.000
identity,base,clip.mp4,541196,0.011579,20.600
identity,base,paquete.zip,6319,0.003360,14.000
gzip,1,index.html,11926,0.006084,13.400
gzip,1,estilos.css,8938,0.005579,13.400
gzip,1,estilos.min.css,8857,0.004975,13.800
gzip,1,app.js,27510,0.007075,13.600
gzip,1,datos.json,33388,0.009423,14.800
gzip,1,grafico.svg,8962,0.005509,14.600
gzip,1,feed.xml,22949,0.007548,15.200
gzip,1,lorem.txt,7696,0.009574,15.400
gzip,1,imagen.png,7112,0.003960,14.000
gzip,1,foto.jpg,8853,0.003543,14.600
gzip,1,clip.mp4,541196,0.013057,22.000
gzip,1,paquete.zip,6319,0.003435,14.800
gzip,6,index.html,11482,0.007265,13.200
gzip,6,estilos.css,8611,0.007129,13.200
gzip,6,estilos.min.css,8563,0.006395,13.600
gzip,6,app.js,28129,0.008855,15.000
gzip,6,datos.json,34426,0.010710,15.200
gzip,6,grafico.svg,8662,0.006231,12.400
gzip,6,feed.xml,23151,0.008871,14.000
gzip,6,lorem.txt,4201,0.011520,12.800
gzip,6,imagen.png,7112,0.003833,13.200
gzip,6,foto.jpg,8853,0.003799,12.800
gzip,6,clip.mp4,541196,0.013709,20.800
gzip,6,paquete.zip,6319,0.003289,12.600
gzip,9,index.html,11278,0.007459,14.200
gzip,9,estilos.css,8488,0.007503,14.200
gzip,9,estilos.min.css,8429,0.006803,15.000
gzip,9,app.js,27695,0.012549,16.400
gzip,9,datos.json,33877,0.017567,13.600
gzip,9,grafico.svg,8533,0.007328,14.800
gzip,9,feed.xml,22792,0.013113,14.200
gzip,9,lorem.txt,4201,0.010646,13.600
gzip,9,imagen.png,7112,0.003341,13.800
gzip,9,foto.jpg,8853,0.003049,12.600
gzip,9,clip.mp4,541196,0.011808,21.800
gzip,9,paquete.zip,6319,0.003219,11.800
brotli,5,index.html,5520,0.007161,14.000
brotli,5,estilos.css,3959,0.007019,15.200
brotli,5,estilos.min.css,4150,0.006629,15.000
brotli,5,app.js,10583,0.009813,13.600
brotli,5,datos.json,15019,0.013639,15.200
brotli,5,grafico.svg,3970,0.006650,15.800
brotli,5,feed.xml,8529,0.010054,16.600
brotli,5,lorem.txt,145,0.007120,16.000
brotli,5,imagen.png,7112,0.004313,16.400
brotli,5,foto.jpg,8853,0.004368,14.800
brotli,5,clip.mp4,541196,0.017909,25.000
brotli,5,paquete.zip,6319,0.003651,13.800
brotli,11,index.html,4363,0.874172,16.400
brotli,11,estilos.css,3931,0.969431,18.800
brotli,11,estilos.min.css,4265,0.628949,16.800
brotli,11,app.js,12019,0.887716,17.000
brotli,11,datos.json,15057,1.492270,16.200
brotli,11,grafico.svg,4387,0.794729,15.800
brotli,11,feed.xml,10150,1.163554,18.000
brotli,11,lorem.txt,97,0.026113,13.000
brotli,11,imagen.png,7112,0.004095,13.000
brotli,11,foto.jpg,8853,0.003783,12.800
brotli,11,clip.mp4,541196,0.012484,22.200
brotli,11,paquete.zip,6319,0.003453,13.000
